Precentral_L,Precentral_R,FrontalSup_L,FrontalSup_R,FrontalSupOrb_L,FrontalSupOrb_R,FrontalMid_L,FrontalMid_R,FrontalMidOrb_L,FrontalMidOrb_R,FrontalInfOper_L,FrontalInfOper_R,FrontalInfTri_L,FrontalInfTri_R,FrontalInfOrb_L,FrontalInfOrb_R,RolandicOper_L,RolandicOper_R,SuppMotorArea_L,SuppMotorArea_R,Olfactory_L,Olfactory_R,FrontalSupMedial_L,FrontalSupMedial_R,FrontalMedOrb_L,FrontalMedOrb_R,Rectus_L,Rectus_R,Insula_L,Insula_R,CingulumAnt_L,CingulumAnt_R,CingulumMid_L,CingulumMid_R,CingulumPost_L,CingulumPost_R,Hippocampus_L,Hippocampus_R,ParaHippocampal_L,ParaHippocampal_R,Amygdala_L,Amygdala_R,Calcarine_L,Calcarine_R,Cuneus_L,Cuneus_R,Lingual_L,Lingual_R,OccipitalSup_L,OccipitalSup_R,OccipitalMid_L,OccipitalMid_R,OccipitalInf_L,OccipitalInf_R,Fusiform_L,Fusiform_R,Postcentral_L,Postcentral_R,ParietalSup_L,ParietalSup_R,ParietalInf_L,ParietalInf_R,SupraMarginal_L,SupraMarginal_R,Angular_L,Angular_R,Precuneus_L,Precuneus_R,ParacentralLobule_L,ParacentralLobule_R,Caudate_L,Caudate_R,Putamen_L,Putamen_R,Pallidum_L,Pallidum_R,Thalamus_L,Thalamus_R,Heschl_L,Heschl_R,TemporalSup_L,TemporalSup_R,TemporalPoleSup_L,TemporalPoleSup_R,TemporalMid_L,TemporalMid_R,TemporalPoleMid_L,TemporalPoleMid_R,TemporalInf_L,TemporalInf_R,CerebellumCrus_1_L,CerebellumCrus_1_R,CerebellumCrus_2_L,CerebellumCrus_2_R,Cerebellum_3_L,Cerebellum_3_R,Cerebellum_4_5_L,Cerebellum_4_5_R,Cerebellum_6_L,Cerebellum_6_R,Cerebellum_7_b_L,Cerebellum_7_b_R,Cerebellum_8_L,Cerebellum_8_R,Cerebellum_9_L,Cerebellum_9_R,Cerebellum_1_0_L,Cerebellum_1_0_R,Vermis_1_2,Vermis_3,Vermis_4_5,Vermis_6,Vermis_7,Vermis_8,Vermis_9,Vermis_1_0
